timestamp,X,Y,Z
'19-Feb-2023 23:31:16.250',6.846222,-5.524643,5.316513
'19-Feb-2023 23:31:16.270',6.958755,-5.692245,5.469742
'19-Feb-2023 23:31:16.290',6.649902,-5.649139,4.011673
'19-Feb-2023 23:31:16.310',6.379349,-5.273254,3.449036
'19-Feb-2023 23:31:16.330',6.79834,-5.529434,5.376373
'19-Feb-2023 23:31:16.350',6.716934,-6.288391,6.650085
'19-Feb-2023 23:31:16.370',6.793549,-6.147141,6.111389
'19-Feb-2023 23:31:16.390',6.532593,-5.766464,5.476929
'19-Feb-2023 23:31:16.410',6.269226,-5.570129,5.00766
'19-Feb-2023 23:31:16.430',6.300354,-5.644363,4.507278
'19-Feb-2023 23:31:16.450',5.936432,-5.464798,4.330093
'19-Feb-2023 23:31:16.470',6.479919,-5.191849,4.224762
'19-Feb-2023 23:31:16.490',6.427246,-5.771255,4.325317
'19-Feb-2023 23:31:16.510',5.560547,-5.859833,5.843231
'19-Feb-2023 23:31:16.530',6.348236,-5.565353,4.59346
'19-Feb-2023 23:31:16.550',6.8965,-5.754486,4.061951
'19-Feb-2023 23:31:16.570',6.408081,-5.68985,4.552765
'19-Feb-2023 23:31:16.590',4.885376,-5.747314,5.175247
'19-Feb-2023 23:31:16.610',4.540604,-5.905319,5.577484
'19-Feb-2023 23:31:16.630',3.415329,-6.381775,5.180038
'19-Feb-2023 23:31:16.650',3.013107,-6.10405,4.813736
'19-Feb-2023 23:31:16.670',6.788757,-5.37381,2.862457
'19-Feb-2023 23:31:16.690',6.166275,-6.173477,4.210388
'19-Feb-2023 23:31:16.710',5.337875,-7.119186,6.604599
'19-Feb-2023 23:31:16.730',6.312317,-6.465561,4.990906
'19-Feb-2023 23:31:16.750',5.823898,-7.0737,1.270309
'19-Feb-2023 23:31:16.770',5.819107,-8.768784,1.272705
'19-Feb-2023 23:31:16.790',8.246826,-8.347412,2.702042
'19-Feb-2023 23:31:16.810',10.370483,-7.375366,3.018082
'19-Feb-2023 23:31:16.830',7.772781,-7.930817,0.786682
'19-Feb-2023 23:31:16.850',5.041,-9.204529,0.080399
'19-Feb-2023 23:31:16.870',7.164658,-7.638733,0.690918
'19-Feb-2023 23:31:16.890',7.78714,-6.113617,0.379669
'19-Feb-2023 23:31:16.910',4.684265,-6.707382,-2.423935
'19-Feb-2023 23:31:16.930',3.616455,-8.428818,-1.609909
'19-Feb-2023 23:31:16.950',4.894958,-9.0513,-0.082413
'19-Feb-2023 23:31:16.970',4.497513,-9.099197,-0.182968
'19-Feb-2023 23:31:16.990',4.301193,-9.501419,0.774704
'19-Feb-2023 23:31:17.010',4.466385,-9.453537,0.669373
'19-Feb-2023 23:31:17.030',4.353867,-10.710495,1.291855
'19-Feb-2023 23:31:17.050',4.052185,-10.456696,-0.680969
'19-Feb-2023 23:31:17.070',4.226974,-10.547684,0.116302
'19-Feb-2023 23:31:17.090',5.821503,-10.322632,0.564026
'19-Feb-2023 23:31:17.110',4.442444,-9.336212,-1.715256
'19-Feb-2023 23:31:17.130',2.823959,-9.714493,-0.668991
'19-Feb-2023 23:31:17.150',4.255707,-9.542114,0.389252
'19-Feb-2023 23:31:17.170',4.112045,-9.199753,0.204895
'19-Feb-2023 23:31:17.190',1.722641,-10.339386,-0.13269
'19-Feb-2023 23:31:17.210',1.854309,-9.757599,0.30545
'19-Feb-2023 23:31:17.230',2.771301,-8.699356,0.295868
'19-Feb-2023 23:31:17.250',3.147186,-8.912445,0.135452
'19-Feb-2023 23:31:17.270',2.749741,-10.269958,0.844147
'19-Feb-2023 23:31:17.290',2.483994,-10.597961,1.533676
'19-Feb-2023 23:31:17.310',2.92691,-9.147079,1.030884
'19-Feb-2023 23:31:17.330',2.524689,-8.771179,0.511353
'19-Feb-2023 23:31:17.350',1.851913,-8.8909,0.745987
'19-Feb-2023 23:31:17.370',3.046631,-9.211716,0.736404
'19-Feb-2023 23:31:17.390',3.925293,-9.187775,0.772324
'19-Feb-2023 23:31:17.410',3.281265,-10.03772,0.56163
'19-Feb-2023 23:31:17.430',2.821579,-10.554871,1.105118
'19-Feb-2023 23:31:17.450',3.075363,-10.210098,1.148209
'19-Feb-2023 23:31:17.469',1.930923,-9.568451,1.291855
'19-Feb-2023 23:31:17.490',1.238998,-8.938782,1.581558
'19-Feb-2023 23:31:17.510',2.565399,-8.546127,1.078781
'19-Feb-2023 23:31:17.530',0.590179,-10.57402,1.229614
'19-Feb-2023 23:31:17.550',3.046631,-8.878922,0.377274
'19-Feb-2023 23:31:17.570',2.910156,-9.898849,1.315796
'19-Feb-2023 23:31:17.590',2.045853,-11.119904,0.813019
'19-Feb-2023 23:31:17.610',2.464844,-9.38649,0.619095
'19-Feb-2023 23:31:17.630',3.113663,-8.172638,1.873657
'19-Feb-2023 23:31:17.650',3.997131,-8.723297,1.507339
'19-Feb-2023 23:31:17.670',3.693069,-9.858154,1.143417
'19-Feb-2023 23:31:17.690',2.148804,-9.429596,0.892029
'19-Feb-2023 23:31:17.710',0.738617,-9.827026,0.578384
'19-Feb-2023 23:31:17.730',2.100922,-10.066452,2.053223
'19-Feb-2023 23:31:17.750',2.436111,-9.862946,0.91597
'19-Feb-2023 23:31:17.770',2.402588,-9.489441,0.573593
'19-Feb-2023 23:31:17.790',2.223022,-9.281143,1.042862
'19-Feb-2023 23:31:17.810',2.577362,-9.479874,1.507339
'19-Feb-2023 23:31:17.830',2.223022,-9.479874,0.942307
'19-Feb-2023 23:31:17.850',2.62764,-9.163834,0.947098
'19-Feb-2023 23:31:17.870',2.730591,-9.415222,2.089127
'19-Feb-2023 23:31:17.890',1.93811,-10.01857,1.413971
'19-Feb-2023 23:31:17.910',2.876633,-10.284317,0.676544
'19-Feb-2023 23:31:17.930',2.677917,-10.37291,1.162567
'19-Feb-2023 23:31:17.950',1.679535,-10.416,1.562408
'19-Feb-2023 23:31:17.970',3.027481,-10.842163,0.877655
'19-Feb-2023 23:31:17.990',3.19986,-11.309036,0.985397
'19-Feb-2023 23:31:18.010',3.1017,-11.316223,0.516144
'19-Feb-2023 23:31:18.030',3.010712,-10.775131,-0.302673
'19-Feb-2023 23:31:18.050',2.936493,-10.392059,-0.422394
'19-Feb-2023 23:31:18.070',3.173523,-10.289108,0.188126
'19-Feb-2023 23:31:18.090',3.966003,-11.110321,1.797043
'19-Feb-2023 23:31:18.110',3.503922,-10.080811,0.034897
'19-Feb-2023 23:31:18.130',3.398575,-9.743225,1.059616
'19-Feb-2023 23:31:18.150',3.094513,-9.752808,1.691696
'19-Feb-2023 23:31:18.170',2.03627,-9.144684,-0.896439
'19-Feb-2023 23:31:18.190',1.018738,-9.791107,-0.929962
'19-Feb-2023 23:31:18.210',0.039505,-10.162216,-0.769547
'19-Feb-2023 23:31:18.230',-0.003586,-10.370514,-0.977844
'19-Feb-2023 23:31:18.250',0.736221,-10.758377,-0.070435
'19-Feb-2023 23:31:18.270',1.274918,-11.299454,-0.003403
'19-Feb-2023 23:31:18.290',1.813614,-11.541275,-0.793488
'19-Feb-2023 23:31:18.310',2.483994,-11.574799,-0.99939
'19-Feb-2023 23:31:18.330',3.195068,-11.811813,-0.877289
'19-Feb-2023 23:31:18.350',3.506317,-10.744003,-1.846939
'19-Feb-2023 23:31:18.370',2.582153,-9.714493,-2.419159
'19-Feb-2023 23:31:18.390',0.841568,-9.491837,-1.0784
'19-Feb-2023 23:31:18.410',1.428146,-9.159042,-0.360138
'19-Feb-2023 23:31:18.430',2.486389,-8.256424,-1.490204
'19-Feb-2023 23:31:18.450',2.776077,-7.801529,-2.162979
'19-Feb-2023 23:31:18.470',2.249359,-7.56929,-1.966644
'19-Feb-2023 23:31:18.490',0.930161,-7.626755,-1.444717
'19-Feb-2023 23:31:18.510',-0.02034,-7.380157,-1.557236
'19-Feb-2023 23:31:18.530',0.168793,-7.123978,-2.852509
'19-Feb-2023 23:31:18.550',0.700317,-7.078491,-3.453445
'19-Feb-2023 23:31:18.570',1.387451,-7.459167,-3.048828
'19-Feb-2023 23:31:18.590',1.818405,-8.103195,-2.644211
'19-Feb-2023 23:31:18.610',2.462448,-8.045746,-3.671326
'19-Feb-2023 23:31:18.630',3.118454,-7.997864,-4.674484
'19-Feb-2023 23:31:18.650',3.18309,-8.20137,-5.22995
'19-Feb-2023 23:31:18.670',3.985153,-8.706543,-5.56514
'19-Feb-2023 23:31:18.690',4.665115,-9.398468,-4.81575
'19-Feb-2023 23:31:18.710',4.025864,-10.246017,-4.308182
'19-Feb-2023 23:31:18.730',3.556595,-10.463882,-5.004898
'19-Feb-2023 23:31:18.750',3.954025,-9.518173,-6.63295
'19-Feb-2023 23:31:18.770',4.552582,-8.847794,-6.616196
'19-Feb-2023 23:31:18.790',4.32753,-9.077637,-4.99292
'19-Feb-2023 23:31:18.810',3.252533,-9.192566,-4.128616
'19-Feb-2023 23:31:18.830',2.079376,-11.196518,-2.098328
'19-Feb-2023 23:31:18.850',-0.034714,-12.051239,-0.649841
'19-Feb-2023 23:31:18.870',-0.010773,-10.914001,-1.006577
'19-Feb-2023 23:31:18.890',0.9086,-10.621902,-1.770325
'19-Feb-2023 23:31:18.910',1.624466,-9.908432,-5.893143
'19-Feb-2023 23:31:18.930',1.150421,-9.611542,-1.863693
'19-Feb-2023 23:31:18.950',0.618912,-8.69696,1.952652
'19-Feb-2023 23:31:18.970',0.606934,-8.761612,2.577545
'19-Feb-2023 23:31:18.990',1.054657,-9.276367,2.694855
'19-Feb-2023 23:31:19.010',2.103317,-9.786331,1.861679
'19-Feb-2023 23:31:19.030',3.432098,-9.922791,0.880051
'19-Feb-2023 23:31:19.050',3.233368,-9.917999,0.247986
'19-Feb-2023 23:31:19.070',1.856705,-9.54451,-1.176559
'19-Feb-2023 23:31:19.090',1.332382,-9.38649,-1.763138
'19-Feb-2023 23:31:19.110',1.157608,-9.54451,-0.333801
'19-Feb-2023 23:31:19.130',1.14563,-9.743225,1.835342
'19-Feb-2023 23:31:19.150',1.705872,-9.496628,2.529663
'19-Feb-2023 23:31:19.170',2.41217,-9.048904,1.907166
'19-Feb-2023 23:31:19.190',2.888611,-8.673019,0.939911
'19-Feb-2023 23:31:19.210',2.823959,-8.584442,0.00856
'19-Feb-2023 23:31:19.230',2.481598,-9.187775,-0.084808
'19-Feb-2023 23:31:19.250',1.930923,-9.405655,0.444305
'19-Feb-2023 23:31:19.270',1.327591,-9.290726,0.633453
'19-Feb-2023 23:31:19.290',1.160004,-9.312271,0.300659
'19-Feb-2023 23:31:19.310',1.906982,-9.934769,0.34375
'19-Feb-2023 23:31:19.330',2.730591,-10.748795,0.623871
'19-Feb-2023 23:31:19.350',2.603699,-10.617111,-0.494217
'19-Feb-2023 23:31:19.370',1.71785,-10.19574,-0.795883
'19-Feb-2023 23:31:19.390',1.95726,-10.664993,1.660568
'19-Feb-2023 23:31:19.410',3.068176,-11.313828,1.485794
'19-Feb-2023 23:31:19.430',3.166336,-11.088776,-0.482239
'19-Feb-2023 23:31:19.450',2.443283,-10.358536,-0.601959
'19-Feb-2023 23:31:19.470',2.452866,-10.183762,0.626266
'19-Feb-2023 23:31:19.490',2.816788,-12.161377,2.407562
'19-Feb-2023 23:31:19.510',2.606094,-11.929138,-0.101563
'19-Feb-2023 23:31:19.530',2.742569,-11.074402,1.737183
'19-Feb-2023 23:31:19.550',2.148804,-9.458313,-0.147049
'19-Feb-2023 23:31:19.570',2.146408,-9.405655,-1.439926
'19-Feb-2023 23:31:19.590',1.454483,-10.09996,-0.850952
'19-Feb-2023 23:31:19.610',1.078598,-10.648239,0.250381
'19-Feb-2023 23:31:19.630',-0.171173,-11.012161,1.351715
'19-Feb-2023 23:31:19.650',-0.058655,-11.352127,-0.340988
'19-Feb-2023 23:31:19.670',0.815231,-11.220459,-2.273102
'19-Feb-2023 23:31:19.690',2.062607,-11.58197,-2.191711
'19-Feb-2023 23:31:19.710',2.823959,-11.780701,-1.451889
'19-Feb-2023 23:31:19.730',2.177536,-10.90921,-1.111923
'19-Feb-2023 23:31:19.750',1.748978,-9.867722,-1.676956
'19-Feb-2023 23:31:19.770',1.70108,-8.857376,-1.894821
'19-Feb-2023 23:31:19.790',1.432938,-7.942795,-2.031296
'19-Feb-2023 23:31:19.810',0.963669,-7.617172,-2.052841
'19-Feb-2023 23:31:19.830',0.355545,-7.356216,-1.760742
'19-Feb-2023 23:31:19.850',0.154434,-6.891739,-1.590759
'19-Feb-2023 23:31:19.870',0.384277,-6.429657,-1.882858
'19-Feb-2023 23:31:19.890',0.559052,-6.448807,-2.129456
'19-Feb-2023 23:31:19.910',0.527924,-6.93483,-2.311417
'19-Feb-2023 23:31:19.930',0.726639,-7.583664,-2.91954
'19-Feb-2023 23:31:19.950',1.538284,-7.732101,-4.142975
'19-Feb-2023 23:31:19.970',2.850296,-7.801529,-5.859619
'19-Feb-2023 23:31:19.990',3.372238,-8.368958,-7.731888
'19-Feb-2023 23:31:20.010',3.822342,-9.78154,-8.584229
'19-Feb-2023 23:31:20.030',4.607651,-11.083984,-7.166855
'19-Feb-2023 23:31:20.050',4.526245,-11.876465,-5.598648
'19-Feb-2023 23:31:20.070',4.480759,-10.320236,-6.190018
'19-Feb-2023 23:31:20.090',4.569336,-9.618729,-7.004044
'19-Feb-2023 23:31:20.110',3.369843,-12.661758,-3.525269
'19-Feb-2023 23:31:20.130',-0.647629,-13.57634,1.739578
'19-Feb-2023 23:31:20.150',-2.888596,-12.072784,2.737961
'19-Feb-2023 23:31:20.170',-2.7258,-8.493454,-2.297043
'19-Feb-2023 23:31:20.190',2.17514,-8.553314,-4.564362
'19-Feb-2023 23:31:20.210',3.230988,-8.845398,-0.443939
'19-Feb-2023 23:31:20.230',3.209427,-9.551697,4.729935
'19-Feb-2023 23:31:20.250',1.677139,-9.261993,3.508896
'19-Feb-2023 23:31:20.270',1.078598,-8.510223,-1.351334
'19-Feb-2023 23:31:20.290',2.680313,-9.333817,-1.942703
'19-Feb-2023 23:31:20.310',3.060989,-9.968292,-0.149445
'19-Feb-2023 23:31:20.330',2.35231,-10.016174,0.635849
'19-Feb-2023 23:31:20.350',1.665176,-9.312271,-0.017776
'19-Feb-2023 23:31:20.370',1.073807,-8.883713,-0.767151
'19-Feb-2023 23:31:20.390',1.332382,-8.838226,-0.436752
'19-Feb-2023 23:31:20.410',2.495956,-9.305084,1.117081
'19-Feb-2023 23:31:20.430',2.874252,-9.20932,1.959839
'19-Feb-2023 23:31:20.450',2.39061,-8.639496,1.062012
'19-Feb-2023 23:31:20.470',1.959656,-8.433609,-0.611526
'19-Feb-2023 23:31:20.490',1.262955,-9.154251,-0.874893
'19-Feb-2023 23:31:20.510',1.191116,-9.769562,0.518539
'19-Feb-2023 23:31:20.530',1.765732,-10.229248,1.435516
'19-Feb-2023 23:31:20.550',2.486389,-10.600357,-0.264374
'19-Feb-2023 23:31:20.570',2.771301,-10.959488,-1.770325
'19-Feb-2023 23:31:20.590',1.808823,-11.567612,0.451492
'19-Feb-2023 23:31:20.610',1.349136,-11.476639,1.516907
'19-Feb-2023 23:31:20.630',2.776077,-10.959488,-0.372116
'19-Feb-2023 23:31:20.650',3.460831,-10.739212,-0.834198
'19-Feb-2023 23:31:20.670',2.835938,-10.382477,-0.273956
'19-Feb-2023 23:31:20.690',2.898193,-10.650635,0.918365
'19-Feb-2023 23:31:20.710',3.04184,-11.402405,1.272705
'19-Feb-2023 23:31:20.730',2.428925,-11.476639,-0.489426
'19-Feb-2023 23:31:20.750',1.677139,-10.949905,1.018921
'19-Feb-2023 23:31:20.770',1.344345,-9.384094,-1.066437
'19-Feb-2023 23:31:20.790',2.527084,-9.491837,-0.985031
'19-Feb-2023 23:31:20.810',3.355484,-10.78949,1.674927
'19-Feb-2023 23:31:20.830',2.443283,-11.318619,1.423538
'19-Feb-2023 23:31:20.850',0.398636,-11.220459,-0.036926
'19-Feb-2023 23:31:20.870',-0.405807,-11.938721,-0.764755
'19-Feb-2023 23:31:20.890',-0.025131,-12.132645,-1.241211
'19-Feb-2023 23:31:20.910',1.531097,-11.148621,-1.423172
'19-Feb-2023 23:31:20.930',2.151199,-10.011383,-1.686523
'19-Feb-2023 23:31:20.950',2.261322,-9.578033,-1.27951
'19-Feb-2023 23:31:20.970',2.728195,-9.245239,-1.336975
'19-Feb-2023 23:31:20.990',2.057816,-8.218124,-1.758347
'19-Feb-2023 23:31:21.010',0.688339,-7.341843,-1.490204
'19-Feb-2023 23:31:21.030',0.247803,-6.795975,-0.963486
'19-Feb-2023 23:31:21.050',0.147247,-6.700195,-0.716873
'19-Feb-2023 23:31:21.070',0.23584,-6.59964,-1.095154
'19-Feb-2023 23:31:21.090',0.05867,-6.587677,-1.621887
'19-Feb-2023 23:31:21.110',0.005997,-7.095245,-1.803848
'19-Feb-2023 23:31:21.130',0.705093,-7.724915,-3.000946
'19-Feb-2023 23:31:21.150',2.263718,-8.215729,-5.471756
'19-Feb-2023 23:31:21.169',3.017899,-9.127914,-6.73111
'19-Feb-2023 23:31:21.190',2.94368,-10.566833,-8.201157
'19-Feb-2023 23:31:21.210',5.062546,-11.57959,-9.731049
'19-Feb-2023 23:31:21.230',6.659485,-12.357697,-5.955383
'19-Feb-2023 23:31:21.250',5.919662,-10.540497,-5.692032
'19-Feb-2023 23:31:21.270',7.001846,-9.757599,-8.241852
'19-Feb-2023 23:31:21.290',5.625183,-12.96582,-1.887634
'19-Feb-2023 23:31:21.310',-0.357925,-13.262711,5.555939
'19-Feb-2023 23:31:21.330',-6.16626,-10.566833,3.003708
'19-Feb-2023 23:31:21.350',-1.574188,-7.911667,-2.787857
'19-Feb-2023 23:31:21.370',3.891785,-8.277985,-1.145432
'19-Feb-2023 23:31:21.390',3.238159,-8.823853,2.390793
'19-Feb-2023 23:31:21.410',0.099365,-8.658661,2.881607
'19-Feb-2023 23:31:21.430',-1.559814,-8.601196,-1.205292
'19-Feb-2023 23:31:21.450',1.856705,-9.841385,-0.719269
'19-Feb-2023 23:31:21.470',3.377029,-9.738449,-0.441544
'19-Feb-2023 23:31:21.490',3.106476,-9.408035,0.40361
'19-Feb-2023 23:31:21.510',2.127258,-9.630707,1.105118
'19-Feb-2023 23:31:21.530',1.114502,-9.573242,0.063629
'19-Feb-2023 23:31:21.550',0.966064,-9.075241,-0.597168
'19-Feb-2023 23:31:21.570',1.595749,-9.029755,0.573593
'19-Feb-2023 23:31:21.590',2.280487,-9.223694,2.163345
'19-Feb-2023 23:31:21.610',2.598907,-9.187775,2.462631
'19-Feb-2023 23:31:21.630',2.452866,-8.73288,0.858505
'19-Feb-2023 23:31:21.650',1.832764,-9.041733,-0.589981
'19-Feb-2023 23:31:21.670',1.425751,-9.865341,-0.312256
'19-Feb-2023 23:31:21.690',1.617294,-10.190948,0.79866
'19-Feb-2023 23:31:21.710',1.930923,-10.483032,1.150604
'19-Feb-2023 23:31:21.730',2.52948,-11.048065,-0.331406
'19-Feb-2023 23:31:21.750',2.84552,-11.04567,-1.384857
'19-Feb-2023 23:31:21.770',3.027481,-10.667389,0.535294
'19-Feb-2023 23:31:21.790',2.584549,-10.588379,1.655777
'19-Feb-2023 23:31:21.810',2.239777,-10.674576,0.044479
'19-Feb-2023 23:31:21.830',2.163162,-10.454315,-0.668991
'19-Feb-2023 23:31:21.850',2.938889,-10.068848,-0.252396
'19-Feb-2023 23:31:21.870',3.793625,-10.75119,1.600708
'19-Feb-2023 23:31:21.890',3.065781,-11.359314,-0.127899
'19-Feb-2023 23:31:21.910',2.407379,-10.971451,0.48262
'19-Feb-2023 23:31:21.930',2.076981,-10.066452,0.992584
'19-Feb-2023 23:31:21.950',2.246964,-9.489441,-1.466263
'19-Feb-2023 23:31:21.970',2.397797,-11.234818,-0.065659
'19-Feb-2023 23:31:21.990',1.514343,-11.754364,1.636627
'19-Feb-2023 23:31:22.010',0.149643,-11.747177,0.293472
'19-Feb-2023 23:31:22.030',0.283722,-11.383255,-1.885254
'19-Feb-2023 23:31:22.050',1.016342,-11.495789,-2.0672
'19-Feb-2023 23:31:22.070',2.026703,-11.737595,-1.210083
'19-Feb-2023 23:31:22.090',2.606094,-10.894836,-1.224442
'19-Feb-2023 23:31:22.110',2.653976,-9.628311,-1.789474
'19-Feb-2023 23:31:22.130',2.215836,-8.938782,-1.827789
'19-Feb-2023 23:31:22.150',1.514343,-8.433609,-1.401611
'19-Feb-2023 23:31:22.170',1.188721,-7.873352,-1.219666
'19-Feb-2023 23:31:22.190',0.764954,-7.207764,-1.291489
'19-Feb-2023 23:31:22.210',0.195129,-6.661896,-1.404007
'19-Feb-2023 23:31:22.230',-0.15921,-6.479935,-1.497391
'19-Feb-2023 23:31:22.250',-0.362717,-6.602036,-1.131073
'19-Feb-2023 23:31:22.270',-0.180756,-6.673859,-1.590759
'19-Feb-2023 23:31:22.290',0.384277,-6.824692,-3.075165
'19-Feb-2023 23:31:22.310',1.246185,-7.325089,-4.722382
'19-Feb-2023 23:31:22.330',2.452866,-8.14151,-6.405502
'19-Feb-2023 23:31:22.350',3.985153,-9.163834,-7.980881
'19-Feb-2023 23:31:22.370',4.715393,-10.418396,-8.395081
'19-Feb-2023 23:31:22.390',5.340271,-12.25235,-6.676041
'19-Feb-2023 23:31:22.410',5.574905,-12.47023,-4.844482
'19-Feb-2023 23:31:22.430',6.0298,-9.927582,-6.407898
'19-Feb-2023 23:31:22.450',6.072891,-8.282761,-8.179596
'19-Feb-2023 23:31:22.470',4.22937,-11.012161,-3.850891
'19-Feb-2023 23:31:22.490',-0.958878,-12.362488,3.372421
'19-Feb-2023 23:31:22.510',-4.03064,-11.59874,5.170471
'19-Feb-2023 23:31:22.530',-2.819168,-10.605148,-0.185364
'19-Feb-2023 23:31:22.550',2.828751,-9.261993,-4.104675
'19-Feb-2023 23:31:22.570',3.891785,-8.65387,0.195313
'19-Feb-2023 23:31:22.590',1.332382,-8.249252,3.353271
'19-Feb-2023 23:31:22.610',-1.121674,-9.173416,0.789078
'19-Feb-2023 23:31:22.630',2.074585,-10.327408,0.042084
'19-Feb-2023 23:31:22.650',3.977966,-9.776749,-0.556458
'19-Feb-2023 23:31:22.670',3.458435,-9.151855,-0.257187
'19-Feb-2023 23:31:22.690',1.600525,-9.415222,0.654999
'19-Feb-2023 23:31:22.710',0.872696,-9.848572,0.65979
'19-Feb-2023 23:31:22.730',0.69313,-9.084824,-0.46788
'19-Feb-2023 23:31:22.750',0.839172,-9.094406,0.79866
'19-Feb-2023 23:31:22.770',1.746582,-9.168625,2.402771
'19-Feb-2023 23:31:22.790',2.661163,-8.517395,1.895203
'19-Feb-2023 23:31:22.810',3.49913,-8.440781,0.157013
'19-Feb-2023 23:31:22.830',2.584549,-9.487045,0.056458
'19-Feb-2023 23:31:22.850',1.748978,-10.222076,0.978226
'19-Feb-2023 23:31:22.870',1.054657,-10.475861,0.829773
'19-Feb-2023 23:31:22.890',1.315613,-10.377701,-0.113541
'19-Feb-2023 23:31:22.910',1.916565,-10.540497,-0.508575
'19-Feb-2023 23:31:22.930',1.935715,-10.490219,-1.006577
'19-Feb-2023 23:31:22.950',1.607712,-10.394455,0.140244
'19-Feb-2023 23:31:22.970',1.727417,-11.139053,1.227219
'19-Feb-2023 23:31:22.990',2.560608,-11.371292,0.616699
'19-Feb-2023 23:31:23.010',2.467224,-10.552475,-0.779129
'19-Feb-2023 23:31:23.030',1.753754,-10.360931,-0.003403
'19-Feb-2023 23:31:23.050',2.735382,-12.072784,2.125046
'19-Feb-2023 23:31:23.070',3.142395,-11.644226,-0.103958
'19-Feb-2023 23:31:23.090',2.031479,-10.566833,-0.475067
'19-Feb-2023 23:31:23.110',1.183945,-9.716888,-0.702515
'19-Feb-2023 23:31:23.130',1.650803,-9.982651,-0.853348
'19-Feb-2023 23:31:23.150',2.215836,-12.082367,1.974213
'19-Feb-2023 23:31:23.170',1.569412,-12.336151,2.438675
'19-Feb-2023 23:31:23.190',0.243011,-11.526917,-0.417603
'19-Feb-2023 23:31:23.210',0.353149,-11.517334,-2.198883
'19-Feb-2023 23:31:23.230',1.626862,-10.964279,-1.506958
'19-Feb-2023 23:31:23.250',2.311615,-10.94751,-0.683365
'19-Feb-2023 23:31:23.270',2.167953,-10.746399,-0.443939
'19-Feb-2023 23:31:23.290',2.376251,-9.489441,-0.970657
'19-Feb-2023 23:31:23.310',2.072189,-8.835831,-1.384857
'19-Feb-2023 23:31:23.330',1.22464,-8.359375,-1.159805
'19-Feb-2023 23:31:23.350',0.496796,-7.540558,-1.061646
'19-Feb-2023 23:31:23.370',0.384277,-7.104813,-1.2005
'19-Feb-2023 23:31:23.390',0.448914,-6.851028,-1.490204
'19-Feb-2023 23:31:23.410',0.331604,-6.834274,-1.875671
'19-Feb-2023 23:31:23.430',0.47525,-7.109604,-2.342545
'19-Feb-2023 23:31:23.450',0.638062,-7.533386,-2.493378
'19-Feb-2023 23:31:23.470',1.349136,-7.775192,-2.878845
'19-Feb-2023 23:31:23.490',1.933319,-7.672241,-3.884399
'19-Feb-2023 23:31:23.510',1.933319,-7.80632,-4.470978
'19-Feb-2023 23:31:23.530',2.191895,-8.426422,-4.739136
'19-Feb-2023 23:31:23.550',3.527863,-9.343399,-5.766251
'19-Feb-2023 23:31:23.570',5.347458,-10.502197,-7.315292
'19-Feb-2023 23:31:23.590',6.645111,-11.352127,-6.252274
'19-Feb-2023 23:31:23.610',6.410477,-11.608307,-4.502106
'19-Feb-2023 23:31:23.630',5.979523,-10.147858,-5.744705
'19-Feb-2023 23:31:23.650',5.945999,-8.945953,-6.908279
'19-Feb-2023 23:31:23.670',5.072128,-11.110321,-4.138184
'19-Feb-2023 23:31:23.690',1.404205,-12.357697,1.344528
'19-Feb-2023 23:31:23.710',-1.993164,-11.570007,4.246307
'19-Feb-2023 23:31:23.730',-3.305191,-10.447128,-0.154236
'19-Feb-2023 23:31:23.750',-0.283707,-8.840622,-5.320923
'19-Feb-2023 23:31:23.770',2.009933,-8.840622,-0.929962
'19-Feb-2023 23:31:23.790',1.605316,-8.388107,2.860062
'19-Feb-2023 23:31:23.810',-0.745789,-8.658661,2.390793
'19-Feb-2023 23:31:23.830',1.181549,-10.016174,1.636627
'19-Feb-2023 23:31:23.850',3.681091,-9.76239,0.645432
'19-Feb-2023 23:31:23.870',3.185486,-9.20932,-0.238037
'19-Feb-2023 23:31:23.890',1.404205,-9.400864,-0.084808
'19-Feb-2023 23:31:23.910',0.975647,-9.68338,-0.38887
'19-Feb-2023 23:31:23.930',1.744186,-9.300308,-0.58519
'19-Feb-2023 23:31:23.950',1.942902,-9.029755,0.64064
'19-Feb-2023 23:31:23.970',2.184708,-9.393677,1.928711
'19-Feb-2023 23:31:23.990',2.620453,-9.652252,2.208832
'19-Feb-2023 23:31:24.010',2.658768,-9.029755,0.93512
'19-Feb-2023 23:31:24.030',2.359497,-8.629929,-0.587585
'19-Feb-2023 23:31:24.050',1.646027,-9.508606,0.180954
'19-Feb-2023 23:31:24.070',1.370682,-9.805481,0.822601
'19-Feb-2023 23:31:24.090',1.562225,-9.76239,0.628662
'19-Feb-2023 23:31:24.110',2.165558,-10.657822,0.133072
'19-Feb-2023 23:31:24.130',2.613281,-10.997787,-0.872498
'19-Feb-2023 23:31:24.150',2.536667,-10.77034,-0.357742
'19-Feb-2023 23:31:24.170',2.316391,-10.75119,0.97583
'19-Feb-2023 23:31:24.190',2.831146,-10.935547,1.141022
'19-Feb-2023 23:31:24.210',2.919739,-10.940338,0.458679
'19-Feb-2023 23:31:24.230',2.278091,-10.485428,0.06842
'19-Feb-2023 23:31:24.250',2.012329,-10.064056,-0.300278
'19-Feb-2023 23:31:24.270',3.149582,-10.617111,1.167358
'19-Feb-2023 23:31:24.290',3.628418,-11.289886,-0.084808
'19-Feb-2023 23:31:24.310',2.601303,-10.509369,0.832169
'19-Feb-2023 23:31:24.330',0.88945,-9.740829,0.24559
'19-Feb-2023 23:31:24.350',1.033112,-9.657043,-1.655411
'19-Feb-2023 23:31:24.370',1.167175,-10.866104,-0.312256
'19-Feb-2023 23:31:24.390',1.483215,-11.584366,0.449097
'19-Feb-2023 23:31:24.410',1.325195,-11.902802,-0.209305
'19-Feb-2023 23:31:24.430',0.53511,-12.063217,-1.107132
'19-Feb-2023 23:31:24.450',0.855927,-12.211655,-1.928345
'19-Feb-2023 23:31:24.470',0.884659,-11.431137,-2.098328
'19-Feb-2023 23:31:24.490',1.253372,-11.253967,-1.717651
'19-Feb-2023 23:31:24.510',1.267731,-10.128693,-0.779129
'19-Feb-2023 23:31:24.530',1.394623,-8.809494,-1.044876
'19-Feb-2023 23:31:24.550',1.404205,-7.794357,-1.815811
'19-Feb-2023 23:31:24.570',0.719467,-7.174255,-1.925949
'19-Feb-2023 23:31:24.590',0.360336,-6.841461,-1.830185
'19-Feb-2023 23:31:24.610',0.604538,-6.506271,-2.155792
'19-Feb-2023 23:31:24.630',0.594971,-6.381775,-2.160583
'19-Feb-2023 23:31:24.650',0.393845,-6.633163,-2.052841
'19-Feb-2023 23:31:24.670',0.544693,-6.827087,-2.558014
'19-Feb-2023 23:31:24.690',1.076202,-7.377762,-3.180511
'19-Feb-2023 23:31:24.710',1.634048,-8.079254,-3.697662
'19-Feb-2023 23:31:24.730',2.258942,-8.663452,-4.186081
'19-Feb-2023 23:31:24.750',2.965225,-9.187775,-5.720764
'19-Feb-2023 23:31:24.770',3.151978,-9.537323,-8.023987
'19-Feb-2023 23:31:24.790',3.491943,-10.449524,-8.498032
'19-Feb-2023 23:31:24.810',4.993118,-11.210876,-7.16925
'19-Feb-2023 23:31:24.830',6.151901,-11.218063,-4.978561
'19-Feb-2023 23:31:24.850',6.072891,-9.640274,-6.498871
'19-Feb-2023 23:31:24.869',5.627579,-8.878922,-7.875534
'19-Feb-2023 23:31:24.890',4.277252,-11.919556,-2.52211
'19-Feb-2023 23:31:24.910',-0.164001,-13.066376,2.802597
'19-Feb-2023 23:31:24.930',-2.735367,-12.558807,4.950195
'19-Feb-2023 23:31:24.950',-3.070557,-9.812668,-0.771942
'19-Feb-2023 23:31:24.970',1.234222,-8.507828,-2.744766
'19-Feb-2023 23:31:24.990',2.682709,-8.148697,-1.289093
'19-Feb-2023 23:31:25.010',1.488007,-8.309097,1.483398
'19-Feb-2023 23:31:25.030',-0.867889,-8.637115,1.368469
'19-Feb-2023 23:31:25.050',0.350754,-9.657043,1.390015
'19-Feb-2023 23:31:25.070',2.349915,-9.257202,0.075607
'19-Feb-2023 23:31:25.090',2.505539,-9.333817,0.456284
'19-Feb-2023 23:31:25.110',2.079376,-9.666611,0.918365
'19-Feb-2023 23:31:25.130',2.129654,-9.458313,-0.525345
'19-Feb-2023 23:31:25.150',2.088943,-9.312271,-0.78392
'19-Feb-2023 23:31:25.170',2.136826,-9.405655,0.937515
'19-Feb-2023 23:31:25.190',2.17514,-9.441559,1.947876
'19-Feb-2023 23:31:25.210',2.455261,-9.029755,1.107498
'19-Feb-2023 23:31:25.230',2.476807,-8.603592,-0.24762
'19-Feb-2023 23:31:25.250',2.05304,-8.950745,-0.257187
'19-Feb-2023 23:31:25.270',1.389847,-9.558884,0.611908
'19-Feb-2023 23:31:25.290',1.128876,-10.028137,0.7771
'19-Feb-2023 23:31:25.310',1.557434,-10.51416,-0.29071
'19-Feb-2023 23:31:25.330',2.129654,-10.662598,-1.770325
'19-Feb-2023 23:31:25.350',2.313995,-10.777527,-0.05368
'19-Feb-2023 23:31:25.370',2.402588,-11.141449,1.423538
'19-Feb-2023 23:31:25.390',2.84552,-11.148621,0.070816
'19-Feb-2023 23:31:25.410',2.92453,-10.818222,0.10434
'19-Feb-2023 23:31:25.430',2.146408,-10.143066,0.197708
'19-Feb-2023 23:31:25.450',2.448074,-10.279526,0.990189
'19-Feb-2023 23:31:25.470',4.092896,-12.099121,1.459457
'19-Feb-2023 23:31:25.490',3.678696,-11.584366,0.508957
'19-Feb-2023 23:31:25.510',2.007538,-10.358536,0.238403
'19-Feb-2023 23:31:25.530',1.466461,-9.372131,-1.629074
'19-Feb-2023 23:31:25.550',1.662781,-10.765549,-1.688919
'19-Feb-2023 23:31:25.570',1.447296,-11.704086,0.312637
'19-Feb-2023 23:31:25.590',0.262177,-11.172562,1.382843
'19-Feb-2023 23:31:25.610',-0.896622,-10.641052,-0.865311
'19-Feb-2023 23:31:25.630',-0.954086,-10.827805,-2.95546
'19-Feb-2023 23:31:25.650',-0.032318,-11.179749,-2.488586
'19-Feb-2023 23:31:25.670',1.052261,-11.675354,-0.99939
'19-Feb-2023 23:31:25.690',2.215836,-11.088776,-0.417603
'19-Feb-2023 23:31:25.710',2.819183,-9.568451,-1.595551
'19-Feb-2023 23:31:25.730',2.031479,-8.766403,-2.222824
'19-Feb-2023 23:31:25.750',0.963669,-8.242065,-2.000168
'19-Feb-2023 23:31:25.770',0.549469,-7.58606,-2.021713
'19-Feb-2023 23:31:25.790',0.549469,-6.877365,-2.172546
'19-Feb-2023 23:31:25.810',0.401031,-6.444016,-2.246765
'19-Feb-2023 23:31:25.830',0.195129,-6.503876,-2.064819
'19-Feb-2023 23:31:25.850',-0.075409,-6.630768,-1.985809
'19-Feb-2023 23:31:25.870',0.451309,-6.985107,-2.459854
'19-Feb-2023 23:31:25.890',1.258163,-7.626755,-3.407959
'19-Feb-2023 23:31:25.910',2.01712,-8.189392,-4.645767
'19-Feb-2023 23:31:25.930',2.788055,-8.4767,-6.666473
'19-Feb-2023 23:31:25.950',3.575745,-9.376923,-8.550705
'19-Feb-2023 23:31:25.970',5.115219,-10.78949,-8.438171
'19-Feb-2023 23:31:25.990',6.400909,-11.969833,-5.639359
'19-Feb-2023 23:31:26.010',5.716156,-11.471848,-4.667313
'19-Feb-2023 23:31:26.030',5.328308,-9.38649,-7.356003
'19-Feb-2023 23:31:26.050',5.608429,-9.767166,-5.854828
'19-Feb-2023 23:31:26.070',3.855865,-11.83815,0.178558
'19-Feb-2023 23:31:26.090',-1.159988,-12.496567,3.25032
'19-Feb-2023 23:31:26.110',-3.968384,-11.330582,2.481781
'19-Feb-2023 23:31:26.130',-3.819946,-8.251648,-4.016083
'19-Feb-2023 23:31:26.150',2.867065,-8.718506,-2.950668
'19-Feb-2023 23:31:26.170',3.898956,-8.967514,1.998154
'19-Feb-2023 23:31:26.190',1.832764,-9.345795,4.11702
'19-Feb-2023 23:31:26.210',0.171188,-9.4655,1.502548
'19-Feb-2023 23:31:26.230',1.339569,-9.637878,-0.441544
'19-Feb-2023 23:31:26.250',2.165558,-9.343399,-0.417603
'19-Feb-2023 23:31:26.270',1.310837,-9.592392,0.336578
'19-Feb-2023 23:31:26.290',0.73143,-9.467896,0.042084
'19-Feb-2023 23:31:26.310',1.593353,-8.907654,-0.166214
'19-Feb-2023 23:31:26.330',2.249359,-8.905258,0.516144
'19-Feb-2023 23:31:26.350',2.201477,-9.168625,1.346924
'19-Feb-2023 23:31:26.370',2.479202,-9.175812,1.277496
'19-Feb-2023 23:31:26.390',2.618073,-8.977081,0.676544
'19-Feb-2023 23:31:26.410',1.646027,-9.036942,0.283905
'19-Feb-2023 23:31:26.430',1.035492,-9.487045,-0.23085
'19-Feb-2023 23:31:26.450',1.557434,-10.121521,-0.312256
'19-Feb-2023 23:31:26.470',2.381042,-10.844559,0.307846
'19-Feb-2023 23:31:26.490',2.503143,-11.143845,0.018143
'19-Feb-2023 23:31:26.510',2.033875,-10.914001,-0.965866
'19-Feb-2023 23:31:26.530',1.63884,-11.036102,0.197708
'19-Feb-2023 23:31:26.550',2.486389,-11.074402,1.263123
'19-Feb-2023 23:31:26.570',3.465607,-10.700912,1.018921
'19-Feb-2023 23:31:26.590',2.653976,-10.028137,-0.266769
'19-Feb-2023 23:31:26.610',2.03627,-9.831818,-0.647446
'19-Feb-2023 23:31:26.630',3.02269,-10.906815,0.468246
'19-Feb-2023 23:31:26.650',3.386597,-11.601135,-0.305069
'19-Feb-2023 23:31:26.670',2.682709,-10.918777,1.284683
'19-Feb-2023 23:31:26.690',0.642853,-10.11673,1.157791
'19-Feb-2023 23:31:26.710',-0.365112,-10.241226,-2.32338
'19-Feb-2023 23:31:26.730',1.567017,-12.273895,0.16658
'19-Feb-2023 23:31:26.750',1.188721,-12.692886,1.447479
'19-Feb-2023 23:31:26.770',-1.152802,-13.030472,1.33017
'19-Feb-2023 23:31:26.790',-1.820786,-12.106308,-1.39444
'19-Feb-2023 23:31:26.810',0.264572,-11.040894,-3.127838
'19-Feb-2023 23:31:26.830',2.108093,-10.485428,-2.567596
'19-Feb-2023 23:31:26.850',2.098526,-10.17897,-1.485413
'19-Feb-2023 23:31:26.870',1.772919,-9.13031,-1.21727
'19-Feb-2023 23:31:26.890',0.992401,-8.0625,-1.0784
'19-Feb-2023 23:31:26.910',0.391464,-7.19101,-1.190933
'19-Feb-2023 23:31:26.930',0.551865,-6.649918,-1.595551
'19-Feb-2023 23:31:26.950',0.422577,-6.434448,-2.040863
'19-Feb-2023 23:31:26.970',0.214294,-6.494293,-2.112701
'19-Feb-2023 23:31:26.990',0.647644,-6.853424,-2.033691
'19-Feb-2023 23:31:27.010',1.753754,-7.162277,-2.4814
'19-Feb-2023 23:31:27.030',2.088943,-7.483109,-3.515701
'19-Feb-2023 23:31:27.050',1.820801,-7.811111,-4.435074
'19-Feb-2023 23:31:27.070',2.29245,-8.23967,-4.454224
'19-Feb-2023 23:31:27.090',3.223801,-8.615555,-5.047989
'19-Feb-2023 23:31:27.109',3.288437,-8.876526,-6.767029
'19-Feb-2023 23:31:27.130',3.264496,-9.652252,-7.363174
'19-Feb-2023 23:31:27.150',4.097687,-10.664993,-6.12059
'19-Feb-2023 23:31:27.170',5.239716,-11.198898,-5.028839
'19-Feb-2023 23:31:27.190',5.21817,-11.555634,-5.811737
'19-Feb-2023 23:31:27.210',3.788834,-13.95224,-5.636963
'19-Feb-2023 23:31:27.230',1.018738,-14.292206,-4.526047
'19-Feb-2023 23:31:27.250',-0.743393,-11.811813,-1.858917
'19-Feb-2023 23:31:27.270',-1.057037,-10.317841,-0.898834
'19-Feb-2023 23:31:27.290',1.289276,-8.366562,0.48262
'19-Feb-2023 23:31:27.310',1.193512,-6.305161,0.350937
'19-Feb-2023 23:31:27.330',1.030716,-7.009048,1.382843
'19-Feb-2023 23:31:27.350',0.79129,-8.474304,2.302216
'19-Feb-2023 23:31:27.370',1.849533,-9.472687,-0.163818
'19-Feb-2023 23:31:27.390',2.493561,-9.56366,-1.538086
'19-Feb-2023 23:31:27.410',1.868683,-9.965897,-0.439148
'19-Feb-2023 23:31:27.430',2.311615,-10.423187,-1.032913
'19-Feb-2023 23:31:27.450',3.453644,-10.315445,-0.949112
'19-Feb-2023 23:31:27.470',2.723404,-9.834213,-0.436752
'19-Feb-2023 23:31:27.490',0.910995,-9.321854,-0.206909
'19-Feb-2023 23:31:27.510',0.879868,-9.204529,0.927948
'19-Feb-2023 23:31:27.530',2.218231,-9.154251,1.830551
'19-Feb-2023 23:31:27.550',2.972412,-8.651474,1.026108
'19-Feb-2023 23:31:27.570',2.378647,-8.522186,-0.108749
'19-Feb-2023 23:31:27.590',1.138443,-8.95314,-0.786301
'19-Feb-2023 23:31:27.610',0.697922,-9.26918,-0.800674
'19-Feb-2023 23:31:27.630',1.861496,-9.551697,-0.2117
'19-Feb-2023 23:31:27.650',2.598907,-10.109543,0.439529
'19-Feb-2023 23:31:27.670',1.909378,-10.380081,-0.90123
'19-Feb-2023 23:31:27.690',1.758545,-10.238831,-1.93074
'19-Feb-2023 23:31:27.710',1.811218,-11.000183,-0.001007
'19-Feb-2023 23:31:27.730',1.95726,-11.83815,1.334961
'19-Feb-2023 23:31:27.750',2.993958,-11.12468,-0.695328
'19-Feb-2023 23:31:27.770',3.580536,-10.753586,0.089966
'19-Feb-2023 23:31:27.790',3.515884,-10.396851,0.317413
'19-Feb-2023 23:31:27.810',3.075363,-10.004196,-1.140656
'19-Feb-2023 23:31:27.830',2.452866,-10.19574,-0.810257
'19-Feb-2023 23:31:27.850',2.007538,-10.717667,0.212067
'19-Feb-2023 23:31:27.870',2.347519,-10.892441,0.54248
'19-Feb-2023 23:31:27.890',1.655594,-10.940338,-0.630692
'19-Feb-2023 23:31:27.910',0.872696,-10.162216,-3.74794
'19-Feb-2023 23:31:27.930',0.879868,-11.127075,-1.301056
'19-Feb-2023 23:31:27.950',1.076202,-13.00174,2.304611
'19-Feb-2023 23:31:27.970',-0.245407,-13.277069,1.811401
'19-Feb-2023 23:31:27.990',-1.954865,-12.247559,-2.129456
'19-Feb-2023 23:31:28.010',-0.76973,-11.280304,-3.11586
'19-Feb-2023 23:31:28.030',2.112885,-10.949905,-2.021713
'19-Feb-2023 23:31:28.050',3.645172,-10.262772,-1.607513
'19-Feb-2023 23:31:28.070',3.369843,-9.13031,-1.471054
'19-Feb-2023 23:31:28.090',2.060211,-7.868576,-1.387253
'19-Feb-2023 23:31:28.110',1.418564,-7.224533,-1.480621
'19-Feb-2023 23:31:28.130',1.332382,-6.93483,-1.882858
'19-Feb-2023 23:31:28.150',0.853546,-6.683441,-2.373657
'19-Feb-2023 23:31:28.170',0.906204,-6.956375,-2.605896
'19-Feb-2023 23:31:28.190',1.519135,-7.533386,-2.433517
'19-Feb-2023 23:31:28.210',1.871078,-7.820679,-3.460632
'19-Feb-2023 23:31:28.230',2.278091,-7.741684,-4.739136
'19-Feb-2023 23:31:28.250',2.460052,-7.607605,-4.861237
'19-Feb-2023 23:31:28.270',3.068176,-7.729706,-5.220367
'19-Feb-2023 23:31:28.290',4.255707,-7.921249,-6.2379
'19-Feb-2023 23:31:28.310',4.224579,-8.507828,-5.754272
'19-Feb-2023 23:31:28.330',3.156754,-9.087219,-3.477386
'19-Feb-2023 23:31:28.350',2.819183,-8.790344,-2.878845
'19-Feb-2023 23:31:28.370',2.400192,-8.610779,-3.915527
'19-Feb-2023 23:31:28.390',1.408997,-8.708939,-4.837296
'19-Feb-2023 23:31:28.410',0.774536,-8.529373,-5.330505
'19-Feb-2023 23:31:28.430',0.65242,-9.688156,-4.514084
'19-Feb-2023 23:31:28.450',1.090561,-11.605927,-1.743988
'19-Feb-2023 23:31:28.470',2.948471,-10.952301,-2.785461
'19-Feb-2023 23:31:28.490',3.633209,-9.156647,-1.657791
'19-Feb-2023 23:31:28.510',1.279709,-7.942795,-2.610687
'19-Feb-2023 23:31:28.530',3.369843,-8.689789,-2.725616
'19-Feb-2023 23:31:28.550',4.629196,-9.601974,-0.738419
'19-Feb-2023 23:31:28.570',2.70665,-9.412827,-0.472672
'19-Feb-2023 23:31:28.590',1.399414,-9.271576,-3.089523
'19-Feb-2023 23:31:28.610',3.049026,-10.25798,-3.503723
'19-Feb-2023 23:31:28.630',4.533432,-11.072006,-1.909195
'19-Feb-2023 23:31:28.650',3.616455,-10.684158,-1.933136
'19-Feb-2023 23:31:28.670',2.251755,-9.980255,-2.100723
'19-Feb-2023 23:31:28.690',2.000366,-9.522964,-1.952286
'19-Feb-2023 23:31:28.710',2.050644,-9.13031,-2.356903
'19-Feb-2023 23:31:28.730',1.947693,-8.831039,-2.988968
'19-Feb-2023 23:31:28.750',2.091339,-8.625137,-3.106293
'19-Feb-2023 23:31:28.770',2.170349,-8.266006,-2.802231
'19-Feb-2023 23:31:28.790',2.158386,-7.914063,-2.692093
'19-Feb-2023 23:31:28.810',2.51033,-7.873352,-3.606674
'19-Feb-2023 23:31:28.830',2.306824,-7.835052,-4.389587
'19-Feb-2023 23:31:28.850',1.674744,-8.017014,-3.170929
'19-Feb-2023 23:31:28.870',1.787277,-8.048141,-1.329788
'19-Feb-2023 23:31:28.890',2.067398,-7.894913,-0.834198
'19-Feb-2023 23:31:28.910',2.723404,-7.689011,-1.863693
'19-Feb-2023 23:31:28.930',3.532654,-8.139114,-2.060028
'19-Feb-2023 23:31:28.950',3.465607,-8.637115,-1.423172
'19-Feb-2023 23:31:28.970',3.125641,-8.589218,-0.877289
'19-Feb-2023 23:31:28.990',3.151978,-8.560501,-1.327393
'19-Feb-2023 23:31:29.010',3.690674,-8.799911,-2.656174
'19-Feb-2023 23:31:29.030',3.963608,-8.948349,-3.963409
'19-Feb-2023 23:31:29.050',3.465607,-9.352982,-2.531677
'19-Feb-2023 23:31:29.070',3.535049,-9.166229,-1.111923
'19-Feb-2023 23:31:29.090',4.147964,-8.790344,-2.203674
'19-Feb-2023 23:31:29.110',4.717773,-9.616333,-3.812576
'19-Feb-2023 23:31:29.130',4.942841,-11.201294,-4.16214
'19-Feb-2023 23:31:29.150',4.983536,-11.601135,-3.922714
'19-Feb-2023 23:31:29.170',4.162323,-10.978638,-4.178894
'19-Feb-2023 23:31:29.190',3.020294,-11.234818,-3.712021
'19-Feb-2023 23:31:29.210',2.218231,-11.807037,-3.501328
'19-Feb-2023 23:31:29.230',1.282104,-12.257141,-3.54921
'19-Feb-2023 23:31:29.250',1.128876,-12.017715,-4.049606
'19-Feb-2023 23:31:29.270',1.174362,-11.431137,-3.838913
'19-Feb-2023 23:31:29.290',1.272522,-11.127075,-3.429504
'19-Feb-2023 23:31:29.310',2.033875,-10.53331,-3.618652
'19-Feb-2023 23:31:29.330',2.503143,-9.913223,-3.221207
'19-Feb-2023 23:31:29.349',2.079376,-9.254807,-2.543655
'19-Feb-2023 23:31:29.370',1.430542,-8.20137,-2.593933
'19-Feb-2023 23:31:29.390',0.982819,-7.303543,-2.704071
'19-Feb-2023 23:31:29.410',0.312454,-6.503876,-2.807007
'19-Feb-2023 23:31:29.430',0.046692,-5.799973,-2.874054
'19-Feb-2023 23:31:29.450',0.575806,-5.299591,-2.979401
'19-Feb-2023 23:31:29.470',0.970856,-4.796814,-3.027283
'19-Feb-2023 23:31:29.490',0.815231,-5.199036,-2.404785
'19-Feb-2023 23:31:29.510',0.424973,-6.566132,-0.865311
'19-Feb-2023 23:31:29.530',0.846359,-7.39212,-0.992203
'19-Feb-2023 23:31:29.550',1.423355,-7.686615,-2.905182
'19-Feb-2023 23:31:29.570',1.20549,-8.598801,-4.631393
'19-Feb-2023 23:31:29.590',1.095352,-9.494232,-5.241913
'19-Feb-2023 23:31:29.610',1.720245,-9.949127,-5.464584
'19-Feb-2023 23:31:29.630',2.072189,-10.150238,-6.003281
'19-Feb-2023 23:31:29.650',1.995575,-10.827805,-6.431839
'19-Feb-2023 23:31:29.670',1.255768,-12.721619,-6.972931
'19-Feb-2023 23:31:29.690',1.605316,-14.182083,-6.27861
'19-Feb-2023 23:31:29.710',3.230988,-15.312149,-0.666595
'19-Feb-2023 23:31:29.730',3.817566,-15.640152,4.325317
'19-Feb-2023 23:31:29.750',4.693832,-12.862869,-0.144669
'19-Feb-2023 23:31:29.770',2.2733,-8.400085,-8.380722
'19-Feb-2023 23:31:29.790',1.564621,-9.005814,-2.56041
'19-Feb-2023 23:31:29.810',3.132813,-10.188553,8.096176
'19-Feb-2023 23:31:29.830',3.93248,-7.653091,6.408264
'19-Feb-2023 23:31:29.850',1.286896,-8.328262,-3.125443
'19-Feb-2023 23:31:29.870',-0.286102,-11.416779,-11.998352
'19-Feb-2023 23:31:29.890',0.566238,-14.256302,-1.985809
'19-Feb-2023 23:31:29.910',4.68187,-11.967438,2.639801
'19-Feb-2023 23:31:29.930',5.725739,-9.214111,0.032516
'19-Feb-2023 23:31:29.950',3.47998,-9.132706,-2.660965
'19-Feb-2023 23:31:29.970',1.035492,-8.843018,-3.623444
'19-Feb-2023 23:31:29.990',0.092178,-7.751251,-2.493378
'19-Feb-2023 23:31:30.010',0.599747,-7.394516,-1.925949
'19-Feb-2023 23:31:30.030',0.901428,-7.207764,-3.328949
'19-Feb-2023 23:31:30.050',1.346741,-7.188614,-3.252335
'19-Feb-2023 23:31:30.070',2.026703,-7.382553,-0.934753
'19-Feb-2023 23:31:30.090',1.63884,-7.562119,-1.815811
'19-Feb-2023 23:31:30.110',1.842346,-8.37854,-3.11348
'19-Feb-2023 23:31:30.130',3.369843,-8.73288,-1.787079
'19-Feb-2023 23:31:30.150',3.898956,-8.186996,-0.657028
'19-Feb-2023 23:31:30.170',3.345901,-8.00264,-2.905182
'19-Feb-2023 23:31:30.190',2.94368,-9.211716,-3.814972
'19-Feb-2023 23:31:30.210',3.010712,-10.162216,-1.952286
'19-Feb-2023 23:31:30.230',3.298019,-10.899628,-0.702515
'19-Feb-2023 23:31:30.250',3.966003,-12.640213,-3.874832
'19-Feb-2023 23:31:30.270',4.461594,-13.913925,-5.816528
'19-Feb-2023 23:31:30.290',4.796783,-12.582748,-3.664139
'19-Feb-2023 23:31:30.310',3.47998,-10.861328,-1.753571
'19-Feb-2023 23:31:30.330',2.404984,-11.091171,-2.10791
'19-Feb-2023 23:31:30.350',0.322021,-11.558029,-3.70723
'19-Feb-2023 23:31:30.370',-1.071396,-11.321014,-4.284241
'19-Feb-2023 23:31:30.390',1.061829,-10.509369,-3.683289
'19-Feb-2023 23:31:30.410',3.822342,-9.44635,-3.199661
'19-Feb-2023 23:31:30.430',3.645172,-8.764008,-2.471832
'19-Feb-2023 23:31:30.450',1.79686,-8.263611,-1.497391
'19-Feb-2023 23:31:30.470',0.81044,-7.454376,-1.684128
'19-Feb-2023 23:31:30.490',0.978043,-6.187836,-3.137421
'19-Feb-2023 23:31:30.510',0.990005,-5.323532,-4.289032
'19-Feb-2023 23:31:30.530',0.068237,-5.352264,-3.647385
'19-Feb-2023 23:31:30.550',-0.633255,-6.18306,-1.921158
'19-Feb-2023 23:31:30.570',-0.130478,-6.724136,-1.782303
'19-Feb-2023 23:31:30.590',1.057053,-6.726532,-3.436691
'19-Feb-2023 23:31:30.610',2.347519,-6.800751,-4.619431
'19-Feb-2023 23:31:30.630',2.993958,-7.581268,-4.947433
'19-Feb-2023 23:31:30.650',3.089722,-9.381699,-3.862854
'19-Feb-2023 23:31:30.670',2.867065,-10.722458,-3.4319
'19-Feb-2023 23:31:30.690',2.519897,-10.619507,-5.342468
'19-Feb-2023 23:31:30.710',2.689896,-9.714493,-7.351212
'19-Feb-2023 23:31:30.730',3.386597,-8.773575,-6.960953
'19-Feb-2023 23:31:30.750',2.752136,-8.658661,-4.916306
'19-Feb-2023 23:31:30.770',1.203094,-9.218903,-3.106293
'19-Feb-2023 23:31:30.790',0.269348,-9.901245,-4.092697
'19-Feb-2023 23:31:30.809',0.063446,-11.462265,-6.185226
'19-Feb-2023 23:31:30.830',0.367523,-12.755142,-6.079895
'19-Feb-2023 23:31:30.850',1.65799,-14.560364,1.050049
'19-Feb-2023 23:31:30.870',1.976425,-14.021667,7.85437
'19-Feb-2023 23:31:30.890',3.623627,-11.081589,0.652603
'19-Feb-2023 23:31:30.910',3.95163,-9.192566,-3.625824
'19-Feb-2023 23:31:30.930',2.644409,-11.083984,-2.474213
'19-Feb-2023 23:31:30.950',2.091339,-12.226013,-0.573227
'19-Feb-2023 23:31:30.970',2.199081,-11.613098,0.312637
'19-Feb-2023 23:31:30.990',2.488785,-11.627472,1.05722
'19-Feb-2023 23:31:31.010',2.359497,-11.526917,-0.90123
'19-Feb-2023 23:31:31.030',2.424133,-10.916382,-0.958694
'19-Feb-2023 23:31:31.050',2.153595,-10.143066,0.101944
'19-Feb-2023 23:31:31.070',1.763336,-9.400864,0.875275
'19-Feb-2023 23:31:31.090',1.476028,-8.876526,0.645432
'19-Feb-2023 23:31:31.110',1.217453,-8.49585,-0.271561
'19-Feb-2023 23:31:31.130',1.289276,-8.254044,-0.649841
'19-Feb-2023 23:31:31.150',1.499969,-8.275589,-0.465485
'19-Feb-2023 23:31:31.170',1.550247,-8.905258,0.753159
'19-Feb-2023 23:31:31.190',1.595749,-9.410431,0.865692
'19-Feb-2023 23:31:31.210',1.432938,-9.441559,-1.152618
'19-Feb-2023 23:31:31.230',1.504761,-9.633102,-2.158188
'19-Feb-2023 23:31:31.250',1.837555,-10.059265,-0.791092
'19-Feb-2023 23:31:31.270',1.725021,-10.662598,1.033279
'19-Feb-2023 23:31:31.290',1.416183,-10.925964,0.394028
'19-Feb-2023 23:31:31.310',2.024307,-10.887665,-1.705688
'19-Feb-2023 23:31:31.330',2.857483,-11.064835,-1.605118
'19-Feb-2023 23:31:31.350',3.123245,-10.84935,-0.824615
'19-Feb-2023 23:31:31.370',2.862274,-10.317841,-1.119095
'19-Feb-2023 23:31:31.390',2.991562,-9.80069,-1.94989
'19-Feb-2023 23:31:31.410',3.626022,-9.733658,-1.487808
'19-Feb-2023 23:31:31.430',4.167114,-9.817444,-0.180573
'19-Feb-2023 23:31:31.450',3.487167,-10.475861,0.789078
'19-Feb-2023 23:31:31.470',2.237381,-11.072006,2.038849
'19-Feb-2023 23:31:31.490',0.975647,-10.693726,0.504166
'19-Feb-2023 23:31:31.510',-0.274124,-11.043289,-2.498169
'19-Feb-2023 23:31:31.530',-0.705093,-11.72084,-1.29866
'19-Feb-2023 23:31:31.550',-0.271729,-11.945892,0.236023
'19-Feb-2023 23:31:31.570',0.494415,-12.685699,1.70845
'19-Feb-2023 23:31:31.589',1.476028,-11.99617,-0.410416
'19-Feb-2023 23:31:31.610',2.076981,-10.856537,-2.725616
'19-Feb-2023 23:31:31.630',2.100922,-10.485428,-3.415146
'19-Feb-2023 23:31:31.650',1.993179,-10.025742,-2.701675
'19-Feb-2023 23:31:31.670',1.447296,-9.558884,-1.550064
'19-Feb-2023 23:31:31.690',1.327591,-8.462326,-1.679352
'19-Feb-2023 23:31:31.710',1.449692,-7.394516,-2.62027
'19-Feb-2023 23:31:31.730',1.140839,-7.399307,-2.476608
'19-Feb-2023 23:31:31.750',0.681152,-7.712952,-1.741592
'19-Feb-2023 23:31:31.770',0.580597,-7.715347,-1.590759
'19-Feb-2023 23:31:31.790',0.326813,-7.253265,-2.299438
'19-Feb-2023 23:31:31.810',-0.348343,-7.114395,-2.902786
'19-Feb-2023 23:31:31.830',0.142456,-7.406494,-2.893204
'19-Feb-2023 23:31:31.850',0.985214,-7.595627,-3.130234
'19-Feb-2023 23:31:31.870',1.428146,-7.758438,-3.913132
'19-Feb-2023 23:31:31.890',2.055435,-7.985886,-4.080734
'19-Feb-2023 23:31:31.910',2.242172,-8.493454,-4.219589
'19-Feb-2023 23:31:31.930',2.323578,-8.977081,-4.957001
'19-Feb-2023 23:31:31.950',3.154373,-9.788727,-5.598648
'19-Feb-2023 23:31:31.970',4.581314,-10.641052,-5.701599
'19-Feb-2023 23:31:31.990',4.495117,-11.036102,-5.885956
'19-Feb-2023 23:31:32.010',3.796005,-10.957092,-6.508453
'19-Feb-2023 23:31:32.030',3.319565,-10.363327,-6.96814
'19-Feb-2023 23:31:32.050',2.66835,-9.431976,-7.322479
'19-Feb-2023 23:31:32.070',2.002762,-10.506973,-5.715973
'19-Feb-2023 23:31:32.090',-0.077805,-11.663376,-1.437531
